{
    "root": "bone_0",
    "bones": {
        "bone_0": {
            "quat": [
                0.9999996423721313,
                -0.0008564447634853423,
                -6.386102063826726e-11,
                0
            ],
            "len": 0.22786858677864075,
            "child": [
                "bone_1",
                "bone_5",
                "bone_9",
                "bone_13",
                "bone_17"
            ],
            "idx": 0
        },
        "bone_1": {
            "quat": [
                0.9515274167060852,
                -0.30756402015686035,
                -2.683973043815513e-8,
                6.6907933186921564e-12
            ],
            "len": 0.051178090274333954,
            "child": [
                "bone_2"
            ],
            "idx": 1
        },
        "bone_2": {
            "quat": [
                0.9969419836997986,
                -0.07814492285251617,
                -6.8720718005010895e-9,
                3.9892839032162897e-11
            ],
            "len": 0.02783087082207203,
            "child": [
                "bone_3"
            ],
            "idx": 2
        },
        "bone_3": {
            "quat": [
                0.9999975562095642,
                -0.002218989422544837,
                -1.92230051321296e-10,
                -1.76392071522119e-12
            ],
            "len": 0.023952649906277657,
            "child": [
                "bone_4"
            ],
            "idx": 3
        },
        "bone_4": {
            "quat": [
                0.9999921321868896,
                0.003973967395722866,
                3.510752799584793e-10,
                -3.6877506257027015e-12
            ],
            "len": 0.03219793736934662,
            "child": [],
            "idx": 4
        },
        "bone_5": {
            "quat": [
                0.9928147196769714,
                -0.11966182291507721,
                -1.0486091106542972e-8,
                2.678065234851257e-12
            ],
            "len": 0.10282303392887115,
            "child": [
                "bone_6"
            ],
            "idx": 5
        },
        "bone_6": {
            "quat": [
                0.99983811378479,
                -0.017993595451116562,
                1.8512817945293136e-9,
                -8.443627463883274e-10
            ],
            "len": 0.03093676269054413,
            "child": [
                "bone_7"
            ],
            "idx": 6
        },
        "bone_7": {
            "quat": [
                1,
                -0.00001483339201513445,
                1.7394992113395347e-9,
                -4.959455623954057e-10
            ],
            "len": 0.021859707310795784,
            "child": [
                "bone_8"
            ],
            "idx": 7
        },
        "bone_8": {
            "quat": [
                1,
                -0.000004243588136887411,
                -1.3990997693724694e-8,
                3.987239871605652e-9
            ],
            "len": 0.024692002683877945,
            "child": [],
            "idx": 8
        },
        "bone_9": {
            "quat": [
                0.9999589323997498,
                -0.009062312543392181,
                -8.91199503083584e-10,
                3.6906968366862136e-13
            ],
            "len": 0.1066618338227272,
            "child": [
                "bone_10"
            ],
            "idx": 9
        },
        "bone_10": {
            "quat": [
                0.9998277425765991,
                0.018559886142611504,
                1.9409374107937083e-9,
                -3.0520711825909874e-12
            ],
            "len": 0.029519258067011833,
            "child": [
                "bone_11"
            ],
            "idx": 10
        },
        "bone_11": {
            "quat": [
                1,
                0.0000054350025493477006,
                9.760915631318312e-9,
                1.6871515295946438e-10
            ],
            "len": 0.02301521599292755,
            "child": [
                "bone_12"
            ],
            "idx": 11
        },
        "bone_12": {
            "quat": [
                1,
                9.257346391677856e-7,
                -9.697132874464387e-9,
                -1.6774867606095256e-10
            ],
            "len": 0.027716103941202164,
            "child": [],
            "idx": 12
        },
        "bone_13": {
            "quat": [
                0.9947531819343567,
                0.10230375081300735,
                8.954870622801536e-9,
                -2.2722639742012163e-12
            ],
            "len": 0.09706373512744904,
            "child": [
                "bone_14"
            ],
            "idx": 13
        },
        "bone_14": {
            "quat": [
                0.9999946355819702,
                0.003278310876339674,
                2.9680777280383097e-10,
                1.957223228973848e-12
            ],
            "len": 0.027077022939920425,
            "child": [
                "bone_15"
            ],
            "idx": 14
        },
        "bone_15": {
            "quat": [
                1,
                0.00005326728933141567,
                -2.1085780343987892e-10,
                -4.5895950234742244e-11
            ],
            "len": 0.022838115692138672,
            "child": [
                "bone_16"
            ],
            "idx": 15
        },
        "bone_16": {
            "quat": [
                1,
                -0.000013393335393629968,
                -8.918727562035045e-11,
                -1.8757504230415556e-11
            ],
            "len": 0.024722039699554443,
            "child": [],
            "idx": 16
        },
        "bone_17": {
            "quat": [
                0.9748365879058838,
                0.22292059659957886,
                1.9421074526349003e-8,
                -4.794287362941407e-12
            ],
            "len": 0.08866141736507416,
            "child": [
                "bone_18"
            ],
            "idx": 17
        },
        "bone_18": {
            "quat": [
                0.9998218417167664,
                0.01887410506606102,
                1.869554733247014e-9,
                1.0780845660640637e-10
            ],
            "len": 0.01837281696498394,
            "child": [
                "bone_19"
            ],
            "idx": 18
        },
        "bone_19": {
            "quat": [
                0.9999999403953552,
                -0.0003001767036039382,
                -2.7424514048579596e-11,
                -4.964798645985813e-13
            ],
            "len": 0.018394693732261658,
            "child": [
                "bone_20"
            ],
            "idx": 19
        },
        "bone_20": {
            "quat": [
                1,
                0.00006694758485537022,
                -5.122501534060575e-9,
                -2.7029507521092455e-9
            ],
            "len": 0.020679377019405365,
            "child": [],
            "idx": 20
        }
    }
}