{"root": "Bone", "bones": {"Bone": {"quat": [1.0, 0.0, 0.0, 0.0], "len": 1.0, "child": ["Bone.001", "Bone.004"], "idx": 0}, "Bone.001": {"quat": [0.7071068286895752, -0.7071067690849304, 0.0, 0.0], "len": 1.0, "child": ["Bone.002"], "idx": 1}, "Bone.002": {"quat": [0.7071068286895752, 0.5, 0.0, -0.5], "len": 1.4142134189605713, "child": ["Bone.003"], "idx": 2}, "Bone.003": {"quat": [0.9238795638084412, 0.0, -0.3826833963394165, 0.0], "len": 0.9999998807907104, "child": [], "idx": 3}, "Bone.004": {"quat": [0.9732490181922913, 0.22975291311740875, 0.0, -0.0], "len": 2.2360680103302, "child": ["Bone.005"], "idx": 4}, "Bone.005": {"quat": [-4.371138828673793e-08, 0.6666666865348816, 0.6666666865348816, 0.3333333432674408], "len": 0.0, "child": [], "idx": 5}}}