{"bone_0": {"quat": [0.9999996423721313, -0.0008564448216930032, 0.0, 0.0], "len": 0.22786858677864075}, "bone_1": {"quat": [0.9515274167060852, -0.30756402015686035, 0.0, 0.0], "len": 0.051178090274333954}, "bone_2": {"quat": [0.9969419836997986, -0.07814492285251617, 0.0, 0.0], "len": 0.02783087082207203}, "bone_3": {"quat": [0.9999975562095642, -0.002218989422544837, 0.0, 0.0], "len": 0.023952649906277657}, "bone_4": {"quat": [0.9999921321868896, 0.00397403072565794, 0.0, 0.0], "len": 0.03219793364405632}, "bone_5": {"quat": [0.9928147196769714, -0.11966180801391602, 0.0, 0.0], "len": 0.10282304137945175}, "bone_6": {"quat": [0.99983811378479, -0.017993682995438576, 3.6542997516875175e-09, 9.005116652360812e-10], "len": 0.030936764553189278}, "bone_7": {"quat": [1.0, -1.4747460227226838e-05, 1.5022889598981237e-09, 4.2797446142550655e-10], "len": 0.021859707310795784}, "bone_8": {"quat": [1.0, -4.243588136887411e-06, -1.4179112106660341e-08, -4.040956458339906e-09], "len": 0.024692002683877945}, "bone_9": {"quat": [0.9999589323997498, -0.009062312543392181, 0.0, 0.0], "len": 0.1066618338227272}, "bone_10": {"quat": [0.9998277425765991, 0.018559886142611504, 0.0, -0.0], "len": 0.029519258067011833}, "bone_11": {"quat": [1.0, 5.4350025493477006e-06, 1.011450301291461e-08, -1.7483793579575746e-10], "len": 0.02301521599292755}, "bone_12": {"quat": [1.0, 9.257346960112045e-07, -1.0114867166066688e-08, 1.7497292503776407e-10], "len": 0.027716103941202164}, "bone_13": {"quat": [0.9947531819343567, 0.10230375081300735, 0.0, -0.0], "len": 0.09706373512744904}, "bone_14": {"quat": [0.9999946355819702, 0.003278310876339674, 0.0, 0.0], "len": 0.027077022939920425}, "bone_15": {"quat": [1.0, 5.326728933141567e-05, 0.0, 0.0], "len": 0.022838115692138672}, "bone_16": {"quat": [1.0, -1.3393335393629968e-05, 0.0, 0.0], "len": 0.024722039699554443}, "bone_17": {"quat": [0.9748365879058838, 0.22292059659957886, 0.0, -0.0], "len": 0.08866141736507416}, "bone_18": {"quat": [0.9998218417167664, 0.01887410506606102, 0.0, 0.0], "len": 0.01837281696498394}, "bone_19": {"quat": [0.9999999403953552, -0.0003001767036039382, 0.0, 0.0], "len": 0.018394693732261658}, "bone_20": {"quat": [1.0, 6.694758485537022e-05, -4.981024037675752e-09, 2.6252704454776676e-09], "len": 0.020679377019405365}}